path,category,purpose,status
"SKILL.md","skill","Operating skill for the apna-rojgar-ai-skills folder","active"
"README.md","readme","Knowledge pack guide and changelog","active"
"brand/brand-guidelines.md","brand","Brand name, meaning, and personality","active"
"brand/logo.md","brand","Official logo rules and asset location","active"
"brand/colors.md","brand","Marketing colors and in-app UI colors","active"
"brand/typography.md","brand","Fonts and language size scale","active"
"brand/visual-style.md","brand","Visual style, photography, and screenshots","active"
"product/product-overview.md","product","What Apna Rojgar is and product accuracy rules","active"
"product/features.md","product","Known product features","active"
"product/user-roles.md","product","Workers, employers, mediators, and language","active"
"product/pricing.md","product","Pricing and monetization rules","active"
"product/roadmap.md","product","Confirmed current stage and future items","active"
"marketing/messaging.md","marketing","Messages, style, and approved terms","active"
"marketing/social-media.md","marketing","Social platforms and posting style","active"
"marketing/reels.md","marketing","Reel structure and prompt","active"
"marketing/campaigns.md","marketing","Campaign format","active"
"marketing/content-examples.md","marketing","UX copy, captions, and creative prompts","active"
"company/company-overview.md","company","Company identity, origin, links, and verified facts","active"
"company/mission.md","company","Mission and vision","active"
"company/founder.md","company","Founder","active"
"company/business-model.md","company","Marketplace and business model","active"
"development/tech-stack.md","development","Known technologies","active"
"development/architecture.md","development","Repository, app, and deep links","active"
"development/api.md","development","Known env vars and API rules","active"
"development/development-rules.md","development","Development accuracy rules","active"
"support/faq.md","support","Confirmed answers to common questions","active"
"support/customer-support.md","support","Support tone and accuracy rules","active"
"support/quick-replies.md","support","Short approved replies","active"